inventor_id,disambig_inventor_name_first,disambig_inventor_name_last,distinct_patent_count
fl:sh_ln:yamazaki-50,Shunpei,Yamazaki,6542
fl:ki_ln:silverbrook-1,Kia,Silverbrook,4778
fl:ta_ln:luo-5,Tao,Luo,3554
fl:ka_ln:cheng-76,Kangguo,Cheng,2742
fl:jo_ln:ive-3,Jonathan P.,Ive,2665
fl:fr_ln:shelton-6,Frederick E.,"Shelton, IV",2448
fl:ju_ln:li-157,Junyi,Li,2299
fl:du_ln:kerr-1,Duncan Robert,Kerr,2250
fl:ba_ln:andre-5,Bartley K.,Andre,2206
fl:pe_ln:gaal-1,Peter,Gaal,2202
fl:ri_ln:howarth-3,Richard P.,Howarth,2120
fl:wa_ln:chen-124,Wanshi,Chen,2070
fl:eu_ln:whang-5,Eugene Antony,Whang,2007
fl:lo_ln:wood-12,Lowell L.,"Wood, JR.",1971
fl:ro_ln:hyde-1,Roderick A.,Hyde,1891
fl:ri_ln:zorkendorfer-1,Rico,Zörkendörfer,1879
fl:ch_ln:stringer-4,Christopher J.,Stringer,1843
fl:ch_ln:yu-841,Chen-Hua,Yu,1815
fl:da_ln:deiuliis-4,Daniele,De Iuliis,1758
fl:pe_ln:russellclarke-2,Peter,Russell-Clarke,1744
